user_id,name
1,Vinnie Esposito
2,Robinetta Caesar
3,Linn Pancast
4,Heath Bertl
5,Nicolai Russell
6,Fletch Roux
7,Boot Chattaway
8,Bronson Weekes
9,Shalne Duckers
10,Missy Pedrocco
11,Kele Spur
12,Minnie de Wilde
13,Doralynn Smallpeace
14,Gilda Christophersen
15,Leland Dawid
16,Toiboid Aucott
17,Pavla Kite
18,Dianemarie Pulster
19,Cassandre McDuall
20,Konstantin Spruce
21,Adore Lestor
22,Melloney Piatto
23,Margie Dulieu
24,Ileana Cescoti
25,Charil Hindrich
26,Candida Arnoult
27,Binni Drysdall
28,Martelle Frizzell
29,Tamara Goadsby
30,Maggie Ivery
31,Freemon Ellyatt
32,Dunc Loseke
33,Maddy Vasilov
34,Quinn Lauderdale
35,Rochella Meachem
36,Virgie Colgrave
37,Frasquito Lias
38,Emmey Bovaird
39,Fidole Kield
40,Godfry Gerriessen
41,Quentin Mayston
42,Stephen Ranken
43,Renaud Arents
44,Paloma Wahncke
45,Fania Foxley
46,Mame Sodeau
47,Rorie Kemmer
48,Brody Bein
49,Ninette Farran
50,Valaree Lough
51,Flint Siggee
52,Justina Greig
53,Brittan Roblett
54,Hy Carmen
55,Kitty Dublin
56,Standford Poynton
57,Nikola McNeillie
58,Warner Parffrey
59,Douglass McGiven
60,Cosette Goddard
61,Benito Lyttle
62,Loella Shearman
63,Oates Lagen
64,Valeda Pitney
65,Ignace Alpes
66,Paddy Dudny
67,Corliss Sancto
68,Kurt Loins
69,Chiquita Heaney
70,Stephana Berendsen
71,Fredrick Exell
72,Berky Alejandro
73,Vivian Schafer
74,Frazer Ashelford
75,My Marcq
76,Phillida Cowling
77,Winnifred Morling
78,Arturo Tarquini
79,Talbert Bubb
80,Arabella Lipson
81,Rock Driscoll
82,Madelin Chisholm
83,Audrey Brightwell
84,Demeter Beefon
85,Germaine Rennox
86,Rozele Neary
87,Livvie Rubenovic
88,Veronique Kitt
89,Zuzana Czaple
90,Rhea Armall
91,Shaw Corderoy
92,Salomone Garmston
93,Elena Mill
94,Leoline Zappel
95,Zola Glenton
96,Eveleen McLugaish
97,Francine de Clercq
98,Willa McCrackan
99,Gawen Guerriero
100,Zulema Seamons
101,Ardenia Elsom
102,Gelya Ivushkin
103,Tabbatha Willimont
104,Adelaide Munden
105,Othello Longmaid
106,Lida Ferriby
107,Vance Purdom
108,Theressa Sharpous
109,Bernetta Storey
110,Thelma Leuren
111,Yorker Gosland
112,Willa Standring
113,Korella Strank
114,Mano Ellse
115,Gilligan Cobb
116,Kirsten Congram
117,Osmund Pidduck
118,Karla Eccleston
119,Atlante Orbine
120,Boyd Tear
121,Nevil Calley
122,Rosalyn Benettolo
123,Velvet MacWhan
124,Mano Bygate
125,Flossi Scading
126,Laurent Broxup
127,Fredi Weben
128,Chris Mullett
129,Dru Haith
130,Jami Colliford
131,Robina Tindall
132,Grantham Kimmitt
133,Moll Lutsch
134,Caren Galland
135,Corrine Skillanders
136,Sol Blaze
137,Rafael Tither
138,Rosene Nelson
139,Cecilla Canaan
140,Dana Boulsher
141,Rhetta Blaksley
142,Ashbey Korpal
143,Felisha Scouler
144,Nadeen Dulson
145,Sapphira Kermon
146,Broderic Childs
147,Devin Pearsall
148,Karola Van der Spohr
149,Ula Bohike
150,Leodora Ditchett
151,Allene Quaife
152,Ellynn Stitfall
153,Netti Diben
154,Donnie Ainslee
155,Rosemarie Leason
156,Cornelius Edis
157,Babbie Gladwish
158,Jocelin Hamsher
159,Jaye Mourbey
160,Riordan Cockitt
161,Sara-ann Buckel
162,Teirtza Dowderswell
163,Kalle Le Teve
164,Jocelyn Friar
165,Barr Putnam
166,Koral Brosenius
167,Derek Canti
168,Amandi Struther
169,Gweneth Marchenko
170,Blaire Collin
171,Alaric Laurance
172,Gabey Van Oort
173,Collie Wale
174,Kathi Ebdon
175,Catrina Iacomelli
176,Juana Dorney
177,Jolie Caroline
178,Zebadiah Minthorpe
179,Angeli Wheelwright
180,Shaun Rabbitt
181,Romy Cornuau
182,Rebe McGilbon
183,Travers Ballin
184,Barr Duly
185,Mirelle Desmond
186,Melania Lafee
187,Portia Stead
188,Renae Call
189,Ursuline Plumridege
190,Ebenezer Silverton
191,Marissa Took
192,Batsheva Goulthorp
193,Buddy Rosendahl
194,Wald Seman
195,Dynah Beneix
196,Shalom Pabst
197,Courtnay Juarez
198,Consolata Creighton
199,Judi Orgel
200,Agace Kurth
201,Yolane Sannes
202,Starlene Dudley
203,Tess Varley
204,Allianora Eastwood
205,Laney O'Hear
206,Emlynn Bodham
207,Porter Baxstar
208,Allys Murley
209,Carmine Castles
210,Nicoli Keslake
211,Hobie Dorr
212,Cassi Ellse
213,Debor Hodges
214,Nicky Clell
215,Alexine Cicculi
216,Justina Spon
217,Basilio Cowderoy
218,Natalina Bompass
219,Maureen Swayton
220,Trina Loder
221,Patsy Ashbolt
222,Batsheva Karel
223,Krissie Kipling
224,Wallis Bedlington
225,Alyss Horley
226,Moss Recke
227,Paton Adriaan
228,Ileana Zambonini
229,Whitman Di Ruggero
230,Leopold Jean
231,Giffie Flament
232,Verine Eckery
233,Shela Iashvili
234,Edouard Bau
235,Libbie Bletso
236,Verina Craighill
237,Hinda Mathew
238,Daveta Thebe
239,Jody Perren
240,Ulrike Firmin
241,Bordy Hardan
242,Arleen Gildersleeve
243,Cornie Winn
244,Shellysheldon Rettie
245,Tildie MacGrath
246,Mandel Kaindl
247,Lettie Malkie
248,Bernardine Simononsky
249,Link Dahlberg
250,Stella Dudny
251,Lorelei Leffek
252,Correy Flecknoe
253,Sanford Flook
254,Shantee Tudbald
255,Vyky Hinkensen
256,Gaylene Stych
257,Tully McBain
258,Lorena Spiers
259,Philbert Gallihaulk
260,Flossy Le Galle
261,Tommie Hancell
262,Paulie Akram
263,Romola Veschambre
264,Belle Antonescu
265,Sigrid Timmis
266,Edouard Dubber
267,Townsend Da Costa
268,Micheil Malthouse
269,Sigismondo Roche
270,Orelee Molloy
271,Virgina MacKee
272,Stinky Davidovic
273,Marwin Fennell
274,Roderic Bulter
275,Zacharie Winkworth
276,Emili Hedlestone
277,Malina Scougall
278,Livvie Gerant
279,Anastasia Wapplington
280,Minerva Elvy
281,Alford Orford
282,Worden Cottey
283,Hamish Kose
284,Diane Verry
285,Edgard Hugonneau
286,Judi Escala
287,Rodolfo Eleshenar
288,Wallis Eagleton
289,Tibold Fraczak
290,Alonso Katz
291,Martguerita Shearn
292,Evangelina Lanchbury
293,Penn de Najera
294,Dean Gilpillan
295,Todd Call
296,Rossy Stoyles
297,Ellsworth MacHoste
298,Rowena Morshead
299,Evy Briamo
300,Barnett Dightham
301,Nate Beamont
302,Theodoric Gathwaite
303,Sonnie Steffan
304,Storm Buckenhill
305,Harman Broxis
306,Lidia Leming
307,Else Wandrach
308,Loren Maunton
309,Hughie Dunthorn
310,Shellie Brittlebank
311,Wheeler Maypowder
312,Sullivan Fullard
313,Denney Queree
314,Sandro Grimsdale
315,Teressa McQuillen
316,Antonin Rossbrooke
317,Rhianna Scriviner
318,Ari Kennea
319,Aldo Vazquez
320,Pip Tennewell
321,Ofelia Lumsdaine
322,Em Barense
323,Sigismond Primo
324,Hinze Grossier
325,Penrod Ilyinykh
326,Brooks Kerridge
327,Stephenie Ofen
328,Annice Noah
329,Clarabelle Syddall
330,Tyne Worshall
331,Caritta Lambrook
332,Travis Pinckney
333,Jacob Perrot
334,Genny Sisse
335,Carolan Purtell
336,Palm Champken
337,Abdel Di Angelo
338,Harald Folkerd
339,Niki Pisculli
340,Rori Clubley
341,Teddi Lukash
342,Madella Paddock
343,Vick Jaggs
344,Curt Ashcroft
345,Sandi Bates
346,Silvana Whanstall
347,Nettie Whimp
348,Gery Downage
349,Ailee Gotter
350,Hamlin Cawt
351,Carmelita Myrtle
352,Melantha Maylam
353,Tonnie Cuerda
354,Con Nestoruk
355,Patrizius Chattelaine
356,Debbi Girth
357,Dante Milvarnie
358,Adella Wretham
359,Seamus Faldoe
360,Etheline Craighall
361,Robina Kinnin
362,Shurlock Cassely
363,Nomi Abram
364,Leann Claeskens
365,Brandy Pine
366,Lela Raitie
367,Burk Posselt
368,Terrijo Blease
369,Melba Gemnett
370,Valery Tythe
371,Kaja Logsdail
372,Vinni Le Marquis
373,Godiva Kerr
374,Alexine Kennifeck
375,Sebastiano Hesse
376,Erinna Marrow
377,Alain Anneslie
378,Obie Cowl
379,Aryn Spacey
380,Rahal Claypoole
381,Lowell Tessyman
382,Nikolas Yearron
383,Ferrel Nower
384,Glen Brommage
385,Timmy Leek
386,Oliy O'Carney
387,Kenon Matura
388,Viviana Larking
389,Jemmie Juste
390,Rodolfo Lorne
391,Ximenes Steagall
392,Nefen Firebrace
393,Saxon Dowsett
394,Aigneis Fabbri
395,Jean Berzon
396,Lynn Ganing
397,Kasey Wackly
398,Deana Kassidy
399,Milli Duckinfield
400,Mala Inkle
401,Madelyn Santo
402,Michale Ranklin
403,Fielding Blainey
404,Barrie Voller
405,Jone Lawday
406,Augustine Metham
407,Simonne Temperley
408,Charo Corwin
409,Burtie Boynton
410,Tyne Lamden
411,Wenonah McFfaden
412,Gilberte Jehu
413,Natty Weetch
414,Vail Skuse
415,Eula Sampey
416,Lia Snoad
417,Gunar Andrews
418,Andrey Seabright
419,Bartie Dairton
420,Dalis Keitch
421,Merwyn Akester
422,Ingrim Jaukovic
423,Justina Amort
424,Myrilla Gierth
425,Devan Simion
426,Nickie Gwinnett
427,Antone Haselden
428,Shelbi Doucette
429,Eldon Sporton
430,Angelika Stittle
431,Teodoro Atterley
432,Carla Hullyer
433,Alana Dumbleton
434,Alana Wasteney
435,Lydie Orridge
436,Debera Spirritt
437,Rollie Stooke
438,Ruttger Maass
439,Cherrita Handley
440,Culver Futcher
441,Willa Gratland
442,Lenette Denley
443,Hieronymus Victory
444,Desmond Beetham
445,Charita Mannagh
446,Garik Pifford
447,Nichols Bexley
448,Elliot Kluge
449,Wendel Wynter
450,Howey Nudds
451,Margaux Toulmin
452,Leoine Skittreal
453,Silvan Hoggin
454,Mariya Lohmeyer
455,Ulla Tharme
456,Tully Sammars
457,Cassey Aronstam
458,Lorne Shelly
459,Happy Klimecki
460,Lyn Logsdale
461,Raleigh Vivash
462,Palmer Baffin
463,Elwyn Bodicam
464,Gratia Eyree
465,Myrtice Vannah
466,Alyda Stollenberg
467,Rosalynd Audus
468,Welbie Ivic
469,Gasper Imlacke
470,Vidovic Ashdown
471,Terence Cranson
472,Ardys Butt Gow
473,Rosemary Byfford
474,Desirae Savidge
475,Tallulah Veitch
476,Barri Jeness
477,Griz Kermon
478,Sashenka Bidewell
479,Nonna Renfree
480,Dana Dring
481,Tull Mathers
482,Wrennie Veel
483,Bernette Merring
484,Krystyna Brockley
485,Dory Hancox
486,Ryann Rockey
487,Brinn Horder
488,Lotta O'Skehan
489,Allene MacAndreis
490,Windham Lamartine
491,Raphaela Yepiskopov
492,Pincus Cant
493,Keslie Bygott
494,Carina Strutt
495,Adrien Worshall
496,Venus Nowak
497,Bayard Fridd
498,Tiertza Jewes
499,Bill Barkess
500,Jere Egdal
501,Dorothy Capper
502,Portia Purcell
503,Abra Kemmish
504,Lorena McCurley
505,Meaghan Sighard
506,Dacy MacNab
507,Bibbie Delf
508,Sheff Clash
509,Mark Harlow
510,Toby Fibben
511,Granny Inwood
512,Margarethe Britee
513,Cecilius Sendley
514,Chuck Rowcastle
515,Nyssa Featherbie
516,Torre Egiloff
517,Herb Aubri
518,Patin Allder
519,Mart Willcot
520,Cynthea Morena
521,Fraze Savery
522,Saba Gilgryst
523,Emlynne Hawkeswood
524,Ichabod Escofier
525,Ferdinanda Marzellano
526,Ferdinand Suche
527,Torie Deem
528,Annabella Balston
529,Gaultiero Von Welldun
530,Arney Martensen
531,Lind Hatliffe
532,Sheffie Capner
533,Harbert Siegertsz
534,Dorian Giovanni
535,Cary Tettley
536,Isadora Willsmore
537,Carlie Nani
538,Vicky Goor
539,Maxim Quarrell
540,Fiorenze Kemble
541,Frederic Hassin
542,Nicolette Woodroof
543,Ardene Drinkhall
544,Micah Smithyman
545,Hadrian Laurent
546,Veronike MacPaike
547,Diann Crossman
548,Rana Maber
549,Caralie Lochhead
550,Rana Frome
551,Roxy Lief
552,Shirline MacKnight
553,Collen Hodjetts
554,Dollie Curbishley
555,Avivah Karpeev
556,Keslie Cressy
557,Benedicto Tomblings
558,Darla Espinoza
559,Edd Meijer
560,Charmion Hunn
561,Aindrea Walaron
562,Loni Roz
563,Hermon Flew
564,Viv Guthrum
565,Jarret Largan
566,Dominik Rosendahl
567,Peggie Willeson
568,Cristin Klassman
569,Luisa Riply
570,Augustine Foot
571,Isidoro Couroy
572,Sydney Marcam
573,Fanni Audibert
574,Deloria Deehan
575,Lynnett Tuer
576,Dollie Baythrop
577,Letta Grzelewski
578,Salomi Wansbury
579,Maren Grugerr
580,Heddi Mansour
581,Lucilia Pococke
582,Vida Cannan
583,Clayton Downie
584,Noak Verralls
585,Janelle Shippam
586,Keefer Haberjam
587,Lacey Hadgraft
588,Bartholomeo Bruckental
589,Emlen Eddison
590,Katlin Phinnessy
591,Marrissa Hounson
592,Sharon Bartos
593,Lari Clinnick
594,Ileane Mokes
595,Nataline Follows
596,Goddard Landman
597,Thayne Wilne
598,Jean Leyband
599,Roanne Leward
600,Carson Slograve
601,Shurlock Winmill
602,Zechariah Bolderoe
603,Romy Northgraves
604,Mead Tuminini
605,Kathi Gelder
606,Dall Farraway
607,Ogden Brauner
608,Elsa Prattin
609,Lorinda Doneld
610,Gayla Costelow
611,Josefa Bleakley
612,Donny Pittman
613,Franky Washbrook
614,Archer Bernakiewicz
615,Bevin Abrams
616,Erich McIver
617,Ludovico Balwin
618,Arline Swansbury
619,Livia Simkovitz
620,Hamid Meeron
621,Codee Hedau
622,Abbe Corington
623,Mervin Kerby
624,Cyrus Buterton
625,Curtice Sheber
626,Beale Schultz
627,Averyl Cromar
628,Hannah Kevis
629,Stephie Chaffyn
630,Penni Marnane
631,Hank Wilce
632,Bee Copnall
633,Aylmer Ortsmann
634,Guglielmo Schusterl
635,Ashia Bunston
636,Barbee Burlay
637,Shaughn Folliott
638,Daryn Thurlbourne
639,Ediva Macon
640,Mycah Fergusson
641,Tommy Brunesco
642,Ashla Godby
643,Cletis Gealy
644,Marti Boog
645,Maureen Ponten
646,Maxie Monck
647,Rebbecca Corby
648,Felicle Ronayne
649,Zebadiah Walker
650,Valerie Shimwell
651,Reggie Lomasny
652,Marlo Streetley
653,Wolfgang Simons
654,Jocelyne Ashbey
655,Otto Darrington
656,Penni Rennebeck
657,Earlie Olpin
658,Dorian Colebrook
659,Monti Hellicar
660,Gordy Seakin
661,Yale Corpes
662,Elfie Tilston
663,Giacopo Sugge
664,Linus Frame
665,Wylie Carlsson
666,Rochette Cowden
667,Sheffield McMichan
668,Ettore Gorelli
669,Wait Munnion
670,Cecil Blackly
671,Estele Robens
672,Gabriele Lamyman
673,Konstanze Mainston
674,Nikos Burdoun
675,Francyne Spawton
676,Deni Janus
677,Christine Mowlam
678,Cassandre Thirlwall
679,Paige Snelling
680,Price Lafuente
681,Angelle Lehrer
682,Kristoffer Rain
683,Ileane Moir
684,Sydel Merrett
685,Deane Gulley
686,Taylor Rubi
687,Dolph Gotling
688,Morganne Cotton
689,Morgen McGilroy
690,Burr Sent
691,Kalinda Turfin
692,Claretta Smuth
693,Darby Curado
694,Jada Euplate
695,Allayne Ranson
696,Jody Lynd
697,Harrietta Gatherer
698,Loree Lock
699,Dixie Goburn
700,Rivy Shelly
701,Shayne Sargison
702,Alis Orcott
703,Alphonse Dutnall
704,Inessa Rosenfrucht
705,Cale Brody
706,Mariette Imorts
707,Merci Message
708,Johny Tredinnick
709,Ianthe Smorthit
710,Felizio Clougher
711,Grier Utley
712,Avie Gilston
713,Anni Sygrove
714,Torr Seath
715,Pansie Harmer
716,Gracia Jerrard
717,Dugald Lowndes
718,Hadleigh Gold
719,Willy Arnson
720,Leoline Prott
721,Vivia Desquesnes
722,Keelia Kaaskooper
723,Ingrim Zecchetti
724,Mildrid Napthine
725,Oriana Wilcott
726,Morganica MacKaile
727,Kara-lynn Quince
728,Bell Drewes
729,Warde Sacher
730,Hildegaard Doughty
731,Nickolas Sneesby
732,Rhianon Tole
733,Templeton Raitie
734,Erick Fidell
735,Maurise Stroband
736,My O'Deoran
737,Randolph De Lascy
738,Tarrah Ruddiforth
739,Minerva Vedstra
740,Darrick Foister
741,Kim Grishechkin
742,Scotty Thebeau
743,Tomasina Jurisch
744,Jone Farans
745,Dawna Wloch
746,Mariann Antal
747,Vasili Norkutt
748,Kristyn Etuck
749,David Douty
750,Elfreda Ionnidis
751,Jonathan Tallent
752,Ida Dumbelton
753,Paulie Haynesford
754,Keelby Coatham
755,Jordain Warcup
756,Myrvyn Ianittello
757,Harriette Dyet
758,Ardelle Ferro
759,Patrizio Perrycost
760,Carleton Hawick
761,Dirk Endecott
762,Kelcie Karoly
763,Nefen Erricker
764,Andreas Brydie
765,Nessi Marriage
766,Corrine Buttrick
767,Duane Streetfield
768,Lilian Solly
769,Bendix Matthai
770,Tobie Scholefield
771,Boone Dranfield
772,Skylar Fullman
773,Blakeley Luddy
774,Holly Coulthart
775,Herb Gerge
776,Balduin Allanson
777,Palmer Karadzas
778,Freeland Tomczynski
779,Dulsea Hendrich
780,Adara Edge
781,Zachery Chree
782,Giffer Kahan
783,Toddy Unwin
784,Pall Itscowics
785,Lauretta McBayne
786,Zelma Bester
787,Haley Boniface
788,Taffy Rodder
789,Torrey Arthan
790,Roberta De Roeck
791,Pablo Simeoni
792,Talbot Lagneaux
793,Lonnie Cescon
794,Andrei Wimbridge
795,Bailey Mattedi
796,Eimile Barabich
797,Rance Babin
798,Rudolph Gillise
799,Charyl Larvent
800,Lonnard Hutley
801,Anet Hartland
802,Gene Essery
803,Morgen Sharrier
804,Zolly Doers
805,Carree Grouen
806,Doralynne Klimuk
807,Bondon Cranshaw
808,Bendicty Archbell
809,Chere Popelay
810,Gallard Barette
811,Ammamaria Stoll
812,Flin Congdon
813,Shurlock Claw
814,Kristoffer Bittlestone
815,Susie Bensusan
816,Louise Keighly
817,My Burnett
818,Justis Roocroft
819,Terence Izon
820,Trenton Gray
821,Gertruda Themann
822,Wenona Reaper
823,Kizzee Sinyard
824,Dagmar Kilpin
825,Curran Lincke
826,Jacinda Craker
827,Iver Allday
828,Isabel Conichie
829,Frants Schout
830,Dorrie Ghelardoni
831,Rodolph Rains
832,Alastair Valenta
833,Saudra Erwin
834,Franzen Olivo
835,Demott Korbmaker
836,Karola Graysmark
837,Barris Dressell
838,Ernesto Egan
839,Adaline Bedinham
840,Jasmine Roskams
841,Veda Hegarty
842,Issie Bunney
843,Odette Asey
844,Esmeralda Blackaller
845,Francesco Mothersdale
846,Kip Lamanby
847,Oby Norton
848,Calli Lorie
849,Maitilde Redmain
850,Irina Allot
851,Delbert Burdess
852,Tatiania Orrice
853,Delphine Sperling
854,Melony Haizelden
855,Haleigh Elfleet
856,Orin Duran
857,Audrey Delyth
858,Bartlet Badger
859,Kanya Fetters
860,Charyl Ivashinnikov
861,Grant Foggarty
862,Felita Lishman
863,Edlin Pettie
864,Bentley Hodgon
865,Sherry Scotfurth
866,Cristabel Edmett
867,Keene McClinton
868,Merrill Kellar
869,Gunar McCory
870,Thane Bonnesen
871,Carlyn Insoll
872,Ado Danilowicz
873,Olivie Stickles
874,Quincy Bransom
875,Roze Endrizzi
876,Matti McNeely
877,Inge Demead
878,Rafi Streeting
879,Dari Hebbard
880,Conchita Dibble
881,Ethel Ollier
882,Dulcia Crone
883,Lulita Battram
884,Elly Longman
885,Fabian Waliszewski
886,Charlene Stook
887,Cortney Etchingham
888,Bertrando Bennetto
889,Jeramey Doggart
890,Camile Littefair
891,Zane Wavell
892,Yorgos Capun
893,Olin Staniforth
894,Raina Mingo
895,Wat Dudderidge
896,Zollie Broseke
897,Kelcie Ravenhill
898,Alleen Menham
899,Philippe Baynon
900,Ethan Jolly
901,Alejandrina Ridel
902,Melosa Dudman
903,Marika Ryder
904,Orel McQuaker
905,Birk Palke
906,Casar Milius
907,Clemmie Vaneev
908,Patten Payle
909,Dael Crosskill
910,Genevra Bendelow
911,Keelia Slocom
912,Berke Cinelli
913,Gene Ivashin
914,Bebe Heineken
915,Thor Dubery
916,Tommie Pescott
917,Derwin Boughtflower
918,Neil Airdrie
919,Antonino Staton
920,Wain Dudenie
921,Nestor Hawkings
922,Archer Bruckner
923,Base Trimming
924,Zach Esterbrook
925,Abba Gadaud
926,Giustina Tuiller
927,Charmion Benedyktowicz
928,Gavan Cabbell
929,Abe Gue
930,Alis Nowak
931,Bax Tubbs
932,Letisha Kohrs
933,Davis Wimpeney
934,Andree Rubinchik
935,Gabriele Jouannot
936,Elwira Cicchinelli
937,Maggie Pabel
938,Pascal Beadell
939,Gilemette Shinner
940,Hilarius Balazot
941,Benetta Elwell
942,Errick Goldbourn
943,Jaime Trainer
944,Lida Eckersley
945,Neddy Thewlis
946,Judith Bolzmann
947,Florencia Daymont
948,Gisella Splaven
949,Aila Allone
950,Amara Schuricke
951,Portia Egerton
952,Berkly Milier
953,Shurlocke Sinnat
954,Ulrich L'Hommeau
955,Edyth Hammerton
956,Fawnia Lindblom
957,Merilee Althorpe
958,Florence Flatt
959,Tildi Domleo
960,Thedric Esselen
961,Shellysheldon Drever
962,Jocko Hrihorovich
963,Fin Klimes
964,Chevalier Hendrickson
965,Ilene Booi
966,Kitty Seyffert
967,Goddart Scrimshaw
968,Kris Fusedale
969,Prent Guilayn
970,Care Stockoe
971,Sarine Stait
972,Freda Brooker
973,Geno Fellgate
974,Zack Grunwald
975,Malorie Vonasek
976,Janaya Siegertsz
977,Turner Piddlesden
978,Josy Cowdrey
979,Jack McNab
980,Joice Fido
981,Berti Skone
982,Shirl Aguirrezabal
983,Gregorio Birchall
984,Anna-maria Womersley
985,Norry McGlone
986,Christa Jannasch
987,Davide Lough
988,Nataline Simakov
989,Nikkie Maudett
990,Stanislas Avramchik
991,Clyve Mainland
992,Shawna Morch
993,Kurtis Glidden
994,Allyson Dines
995,Nicko Fenelon
996,Banky Feronet
997,Felipe Baumadier
998,Cal Woodbridge
999,Barnaby De Vaan
1000,Wylie Searston
